id,overall
29189,1
29190,1
29191,2
29192,2
29193,2
29194,2
29195,1
29196,1
29197,1
29198,1
29199,2
29200,1
29201,2
29202,1
29203,1
29204,1
29205,1
29206,2
29207,1
29208,1
29209,2
29210,2
29211,2
29212,2
29213,2
29214,1
29215,1
29216,1
29217,1
29218,1
29219,1
29220,1
29221,1
29222,1
29223,3
29224,2
29225,1
29226,5
29227,1
29228,1
29229,2
29230,1
29231,1
29232,1
29233,1
29234,1
29235,1
29236,1
29237,1
29238,1
29239,2
29240,1
29241,1
29242,1
29243,1
29244,2
29245,1
29246,1
29247,1
29248,1
29249,2
29250,1
29251,1
29252,1
29253,1
29254,1
29255,1
29256,1
29257,2
29258,1
29259,1
29260,2
29261,1
29262,1
29263,1
29264,1
29265,1
29266,2
29267,1
29268,1
29269,3
29270,1
29271,1
29272,3
29273,2
29274,1
29275,1
29276,1
29277,2
29278,1
29279,2
29280,2
29281,1
29282,3
29283,2
29284,1
29285,1
29286,1
29287,1
29288,1
29289,3
29290,1
29291,4
29292,1
29293,1
29294,2
29295,1
29296,1
29297,3
29298,2
29299,2
29300,1
29301,2
29302,1
29303,1
29304,1
29305,1
29306,1
29307,1
29308,1
29309,1
29310,1
29311,1
29312,1
29313,2
29314,1
29315,1
29316,5
29317,1
29318,1
29319,1
29320,1
29321,1
29322,1
29323,1
29324,1
29325,3
29326,1
29327,2
29328,1
29329,1
29330,1
29331,1
29332,2
29333,1
29334,1
29335,5
29336,1
29337,1
29338,1
29339,3
29340,2
29341,2
29342,2
29343,1
29344,2
29345,2
29346,2
29347,2
29348,1
29349,3
29350,2
29351,2
29352,2
29353,1
29354,4
29355,1
29356,2
29357,4
29358,2
29359,1
29360,2
29361,2
29362,2
29363,3
29364,2
29365,1
29366,1
29367,2
29368,4
29369,1
29370,4
29371,1
29372,5
29373,1
29374,1
29375,4
29376,5
29377,1
29378,2
29379,1
29380,1
29381,2
29382,2
29383,3
29384,1
29385,3
29386,2
29387,1
29388,3
29389,1
29390,2
29391,5
29392,4
29393,2
29394,3
29395,3
29396,2
29397,2
29398,2
29399,2
29400,2
29401,2
29402,2
29403,1
29404,2
29405,2
29406,2
29407,2
29408,1
29409,4
29410,3
29411,1
29412,1
29413,5
29414,3
29415,3
29416,1
29417,3
29418,1
29419,1
29420,2
29421,5
29422,5
29423,3
29424,3
29425,4
29426,3
29427,1
29428,1
29429,2
29430,2
29431,1
29432,1
29433,5
29434,5
29435,2
29436,2
29437,2
29438,3
29439,1
29440,5
29441,3
29442,3
29443,2
29444,4
29445,1
29446,1
29447,3
29448,1
29449,1
29450,3
29451,1
29452,2
29453,2
29454,2
29455,1
29456,2
29457,1
29458,1
29459,1
29460,2
29461,1
29462,3
29463,1
29464,3
29465,2
29466,2
29467,1
29468,2
29469,1
29470,2
29471,4
29472,2
29473,1
29474,1
29475,2
29476,2
29477,2
29478,3
29479,2
29480,3
29481,2
29482,2
29483,2
29484,1
29485,2
29486,2
29487,3
29488,3
29489,3
29490,5
29491,2
29492,3
29493,3
29494,1
29495,3
29496,3
29497,4
29498,3
29499,3
29500,3
29501,5
29502,2
29503,4
29504,2
29505,4
29506,3
29507,2
29508,4
29509,3
29510,3
29511,3
29512,2
29513,1
29514,5
29515,3
29516,4
29517,5
29518,1
29519,1
29520,1
29521,4
29522,3
29523,3
29524,3
29525,2
29526,3
29527,3
29528,3
29529,3
29530,1
29531,5
29532,1
29533,5
29534,3
29535,2
29536,2
29537,1
29538,4
29539,4
29540,5
29541,3
29542,3
29543,3
29544,1
29545,2
29546,4
29547,5
29548,2
29549,5
29550,4
29551,4
29552,2
29553,3
29554,2
29555,2
29556,1
29557,2
29558,3
29559,3
29560,2
29561,4
29562,2
29563,2
29564,1
29565,3
29566,1
29567,5
29568,5
29569,1
29570,3
29571,4
29572,2
29573,5
29574,2
29575,3
29576,3
29577,3
29578,2
29579,2
29580,3
29581,1
29582,4
29583,3
29584,4
29585,4
29586,2
29587,1
29588,3
29589,5
29590,1
29591,2
29592,2
29593,3
29594,3
29595,3
29596,2
29597,3
29598,3
29599,3
29600,4
29601,3
29602,1
29603,3
29604,3
29605,2
29606,4
29607,1
29608,1
29609,3
29610,1
29611,2
29612,5
29613,1
29614,3
29615,2
29616,3
29617,5
29618,3
29619,3
29620,4
29621,1
29622,3
29623,2
29624,3
29625,1
29626,3
29627,4
29628,5
29629,5
29630,1
29631,3
29632,3
29633,5
29634,3
29635,3
29636,2
29637,2
29638,4
29639,4
29640,4
29641,2
29642,5
29643,1
29644,2
29645,5
29646,4
29647,4
29648,4
29649,4
29650,4
29651,4
29652,4
29653,3
29654,4
29655,4
29656,4
29657,4
29658,4
29659,3
29660,4
29661,4
29662,4
29663,2
29664,4
29665,5
29666,5
29667,2
29668,5
29669,4
29670,3
29671,4
29672,3
29673,5
29674,5
29675,4
29676,4
29677,2
29678,4
29679,1
29680,5
29681,5
29682,4
29683,4
29684,4
29685,2
29686,5
29687,3
29688,5
29689,5
29690,5
29691,4
29692,4
29693,3
29694,4
29695,4
29696,4
29697,4
29698,4
29699,2
29700,2
29701,4
29702,5
29703,1
29704,4
29705,4
29706,4
29707,5
29708,3
29709,2
29710,3
29711,3
29712,4
29713,5
29714,3
29715,3
29716,3
29717,4
29718,5
29719,5
29720,5
29721,4
29722,4
29723,5
29724,3
29725,3
29726,3
29727,3
29728,4
29729,4
29730,2
29731,4
29732,5
29733,3
29734,1
29735,5
29736,4
29737,5
29738,4
29739,4
29740,5
29741,5
29742,4
29743,4
29744,5
29745,5
29746,4
29747,3
29748,5
29749,3
29750,4
29751,4
29752,4
29753,4
29754,3
29755,4
29756,4
29757,4
29758,5
29759,5
29760,4
29761,5
29762,4
29763,4
29764,4
29765,1
29766,4
29767,4
29768,5
29769,4
29770,4
29771,4
29772,5
29773,3
29774,4
29775,5
29776,2
29777,4
29778,4
29779,2
29780,4
29781,5
29782,4
29783,5
29784,1
29785,5
29786,2
29787,4
29788,5
29789,5
29790,5
29791,4
29792,5
29793,5
29794,5
29795,5
29796,1
29797,5
29798,5
29799,4
29800,5
29801,5
29802,4
29803,1
29804,4
29805,4
29806,4
29807,5
29808,4
29809,4
29810,4
29811,5
29812,5
29813,5
29814,5
29815,3
29816,2
29817,5
29818,5
29819,5
29820,5
29821,5
29822,3
29823,5
29824,4
29825,5
29826,4
29827,5
29828,5
29829,5
29830,5
29831,5
29832,4
29833,5
29834,5
29835,5
29836,4
29837,5
29838,5
29839,5
29840,4
29841,5
29842,5
29843,5
29844,5
29845,4
29846,4
29847,4
29848,5
29849,4
29850,5
29851,4
29852,5
29853,5
29854,5
29855,5
29856,3
29857,4
29858,5
29859,5
29860,4
29861,5
29862,4
29863,3
29864,5
29865,5
29866,5
29867,5
29868,5
29869,3
29870,5
29871,5
29872,5
29873,5
29874,2
29875,3
29876,5
29877,5
29878,5
29879,5
29880,4
29881,5
29882,5
29883,5
29884,5
29885,5
29886,1
29887,4
29888,5
29889,5
29890,5
29891,4
29892,4
29893,5
29894,5
29895,2
29896,2
29897,5
29898,5
29899,4
29900,5
29901,5
29902,5
29903,2
29904,1
29905,4
29906,1
29907,5
29908,5
29909,5
29910,5
29911,5
29912,5
29913,5
29914,5
29915,4
29916,1
29917,4
29918,2
29919,5
29920,4
29921,4
29922,4
29923,4
29924,5
29925,1
29926,3
29927,4
29928,5
29929,5
29930,4
29931,5
29932,3
29933,4
29934,4
29935,4
29936,5
29937,5
29938,4
29939,3
29940,2
29941,2
29942,1
29943,1
29944,1
29945,2
29946,1
29947,3
29948,1
29949,3
29950,2
29951,1
29952,1
29953,1
29954,3
29955,3
29956,2
29957,5
29958,1
29959,1
29960,3
29961,1
29962,1
29963,1
29964,1
29965,1
29966,5
29967,3
29968,1
29969,1
29970,4
29971,5
29972,3
29973,1
29974,2
29975,1
29976,1
29977,1
29978,4
29979,1
29980,5
29981,3
29982,1
29983,1
29984,1
29985,1
29986,1
29987,1
29988,3
29989,1
29990,1
29991,1
29992,1
29993,1
29994,1
29995,1
29996,3
29997,4
29998,2
29999,1
30000,4
30001,4
30002,2
30003,3
30004,1
30005,5
30006,1
30007,2
30008,3
30009,1
30010,1
30011,2
30012,3
30013,1
30014,2
30015,1
30016,2
30017,1
30018,1
30019,5
30020,2
30021,2
30022,1
30023,1
30024,1
30025,1
30026,1
30027,5
30028,2
30029,2
30030,1
30031,2
30032,1
30033,5
30034,2
30035,1
30036,1
30037,3
30038,2
30039,1
30040,1
30041,1
30042,5
30043,1
30044,2
30045,1
30046,1
30047,2
30048,2
30049,1
30050,1
30051,1
30052,1
30053,2
30054,1
30055,1
30056,1
30057,1
30058,1
30059,1
30060,3
30061,1
30062,1
30063,2
30064,4
30065,2
30066,1
30067,1
30068,1
30069,1
30070,1
30071,1
30072,1
30073,1
30074,1
30075,1
30076,1
30077,1
30078,2
30079,1
30080,1
30081,1
30082,1
30083,1
30084,2
30085,2
30086,1
30087,2
30088,1
30089,3
30090,4
30091,2
30092,3
30093,3
30094,1
30095,3
30096,1
30097,5
30098,3
30099,3
30100,2
30101,2
30102,2
30103,3
30104,3
30105,2
30106,1
30107,2
30108,2
30109,2
30110,1
30111,5
30112,1
30113,1
30114,2
30115,3
30116,1
30117,3
30118,2
30119,1
30120,2
30121,2
30122,1
30123,2
30124,2
30125,5
30126,3
30127,3
30128,1
30129,3
30130,4
30131,3
30132,5
30133,2
30134,2
30135,3
30136,2
30137,3
30138,4
30139,2
30140,3
30141,2
30142,1
30143,3
30144,2
30145,1
30146,3
30147,1
30148,3
30149,1
30150,1
30151,2
30152,2
30153,1
30154,5
30155,2
30156,3
30157,3
30158,1
30159,5
30160,2
30161,3
30162,1
30163,3
30164,4
30165,1
30166,2
30167,3
30168,3
30169,3
30170,3
30171,2
30172,1
30173,1
30174,4
30175,3
30176,2
30177,3
30178,4
30179,4
30180,2
30181,2
30182,2
30183,2
30184,1
30185,1
30186,1
30187,3
30188,3
30189,2
30190,3
30191,2
30192,3
30193,1
30194,2
30195,2
30196,3
30197,1
30198,5
30199,1
30200,5
30201,2
30202,1
30203,2
30204,1
30205,1
30206,5
30207,3
30208,3
30209,2
30210,2
30211,2
30212,1
30213,5
30214,2
30215,1
30216,2
30217,1
30218,3
30219,2
30220,3
30221,4
30222,1
30223,3
30224,5
30225,2
30226,2
30227,2
30228,2
30229,5
30230,2
30231,2
30232,2
30233,3
30234,4
30235,3
30236,2
30237,3
30238,3
30239,4
30240,2
30241,4
30242,5
30243,4
30244,2
30245,2
30246,3
30247,3
30248,5
30249,5
30250,4
30251,3
30252,1
30253,4
30254,4
30255,5
30256,2
30257,3
30258,3
30259,2
30260,4
30261,1
30262,3
30263,2
30264,3
30265,3
30266,3
30267,3
30268,2
30269,1
30270,1
30271,3
30272,3
30273,2
30274,2
30275,3
30276,3
30277,4
30278,3
30279,3
30280,3
30281,3
30282,3
30283,2
30284,4
30285,1
30286,3
30287,4
30288,2
30289,5
30290,4
30291,3
30292,1
30293,2
30294,4
30295,2
30296,3
30297,3
30298,3
30299,3
30300,4
30301,3
30302,3
30303,3
30304,3
30305,2
30306,3
30307,4
30308,5
30309,3
30310,3
30311,3
30312,2
30313,4
30314,1
30315,3
30316,3
30317,3
30318,3
30319,2
30320,4
30321,5
30322,3
30323,5
30324,4
30325,3
30326,3
30327,3
30328,5
30329,2
30330,3
30331,1
30332,3
30333,3
30334,2
30335,3
30336,3
30337,3
30338,1
30339,4
30340,3
30341,2
30342,4
30343,2
30344,2
30345,4
30346,1
30347,4
30348,4
30349,4
30350,4
30351,4
30352,2
30353,2
30354,1
30355,4
30356,5
30357,3
30358,4
30359,4
30360,5
30361,3
30362,3
30363,4
30364,3
30365,1
30366,2
30367,5
30368,3
30369,3
30370,3
30371,2
30372,3
30373,3
30374,1
30375,1
30376,4
30377,2
30378,4
30379,2
30380,3
30381,3
30382,3
30383,2
30384,3
30385,3
30386,2
30387,2
30388,4
30389,2
30390,1
30391,4
30392,5
30393,3
30394,3
30395,4
30396,3
30397,5
30398,2
30399,5
30400,4
30401,4
30402,2
30403,5
30404,4
30405,5
30406,4
30407,3
30408,5
30409,4
30410,3
30411,3
30412,4
30413,3
30414,5
30415,4
30416,4
30417,4
30418,2
30419,5
30420,4
30421,4
30422,4
30423,4
30424,2
30425,4
30426,2
30427,5
30428,3
30429,4
30430,4
30431,3
30432,5
30433,2
30434,4
30435,3
30436,4
30437,2
30438,4
30439,4
30440,5
30441,4
30442,2
30443,3
30444,3
30445,5
30446,4
30447,4
30448,5
30449,4
30450,1
30451,3
30452,5
30453,5
30454,4
30455,4
30456,4
30457,3
30458,4
30459,4
30460,4
30461,4
30462,4
30463,5
30464,4
30465,5
30466,3
30467,3
30468,4
30469,4
30470,5
30471,4
30472,4
30473,5
30474,2
30475,4
30476,4
30477,4
30478,4
30479,4
30480,5
30481,5
30482,5
30483,3
30484,4
30485,3
30486,5
30487,4
30488,3
30489,4
30490,4
30491,3
30492,2
30493,1
30494,5
30495,4
30496,3
30497,4
30498,4
30499,1
30500,2
30501,5
30502,5
30503,4
30504,5
30505,4
30506,5
30507,5
30508,2
30509,4
30510,5
30511,4
30512,5
30513,4
30514,4
30515,4
30516,4
30517,4
30518,4
30519,4
30520,3
30521,5
30522,1
30523,5
30524,4
30525,4
30526,4
30527,5
30528,4
30529,4
30530,4
30531,3
30532,4
30533,4
30534,4
30535,1
30536,4
30537,4
30538,3
30539,3
30540,3
30541,5
30542,1
30543,5
30544,5
30545,5
30546,5
30547,5
30548,5
30549,1
30550,5
30551,2
30552,5
30553,5
30554,1
30555,5
30556,5
30557,5
30558,1
30559,4
30560,4
30561,5
30562,5
30563,5
30564,5
30565,4
30566,5
30567,4
30568,5
30569,5
30570,5
30571,5
30572,2
30573,5
30574,4
30575,4
30576,5
30577,5
30578,4
30579,4
30580,4
30581,5
30582,5
30583,5
30584,5
30585,4
30586,5
30587,5
30588,5
30589,5
30590,4
30591,3
30592,4
30593,5
30594,5
30595,4
30596,5
30597,5
30598,5
30599,5
30600,5
30601,3
30602,5
30603,2
30604,5
30605,5
30606,4
30607,5
30608,1
30609,5
30610,5
30611,5
30612,5
30613,1
30614,5
30615,5
30616,1
30617,5
30618,4
30619,4
30620,5
30621,5
30622,2
30623,5
30624,3
30625,5
30626,5
30627,5
30628,1
30629,5
30630,3
30631,3
30632,5
30633,5
30634,5
30635,5
30636,5
30637,5
30638,5
30639,2
30640,2
30641,5
30642,4
30643,3
30644,5
30645,5
30646,5
30647,2
30648,5
30649,5
30650,5
30651,5
30652,5
30653,5
30654,4
30655,5
30656,3
30657,5
30658,5
30659,5
30660,1
30661,4
30662,1
30663,4
30664,5
30665,2
30666,5
30667,5
30668,5
30669,5
30670,4
30671,4
30672,4
30673,4
30674,5
30675,3
30676,5
30677,5
30678,5
30679,5
30680,5
30681,5
30682,4
30683,4
30684,5
30685,3
30686,4
30687,2
30688,5
30689,1
30690,2
30691,1
30692,1
30693,2
30694,1
30695,1
30696,1
30697,1
30698,1
30699,1
30700,1
30701,1
30702,1
30703,2
30704,3
30705,1
30706,2
30707,3
30708,1
30709,1
30710,1
30711,2
30712,1
30713,1
30714,1
30715,1
30716,2
30717,1
30718,2
30719,1
30720,1
30721,1
30722,1
30723,1
30724,1
30725,1
30726,1
30727,1
30728,1
30729,1
30730,2
30731,1
30732,1
30733,1
30734,1
30735,1
30736,1
30737,1
30738,1
30739,1
30740,1
30741,1
30742,2
30743,1
30744,1
30745,1
30746,5
30747,3
30748,1
30749,2
30750,1
30751,2
30752,4
30753,2
30754,2
30755,4
30756,1
30757,1
30758,1
30759,2
30760,1
30761,2
30762,1
30763,1
30764,5
30765,2
30766,1
30767,1
30768,2
30769,1
30770,1
30771,1
30772,1
30773,1
30774,1
30775,1
30776,2
30777,2
30778,1
30779,1
30780,5
30781,1
30782,1
30783,2
30784,1
30785,1
30786,2
30787,1
30788,2
30789,1
30790,1
30791,1
30792,3
30793,1
30794,1
30795,1
30796,1
30797,1
30798,1
30799,2
30800,1
30801,1
30802,2
30803,1
30804,1
30805,2
30806,1
30807,1
30808,1
30809,1
30810,2
30811,1
30812,1
30813,5
30814,1
30815,2
30816,1
30817,1
30818,1
30819,3
30820,1
30821,2
30822,1
30823,1
30824,3
30825,1
30826,1
30827,1
30828,1
30829,1
30830,1
30831,1
30832,1
30833,1
30834,1
30835,1
30836,1
30837,1
30838,1
30839,1
30840,2
30841,2
30842,2
30843,1
30844,4
30845,3
30846,2
30847,3
30848,3
30849,3
30850,4
30851,1
30852,2
30853,1
30854,3
30855,1
30856,4
30857,2
30858,2
30859,1
30860,1
30861,3
30862,1
30863,3
30864,2
30865,3
30866,4
30867,2
30868,2
30869,2
30870,2
30871,5
30872,1
30873,2
30874,2
30875,3
30876,5
30877,1
30878,3
30879,3
30880,3
30881,2
30882,1
30883,4
30884,1
30885,2
30886,2
30887,2
30888,3
30889,2
30890,2
30891,1
30892,2
30893,2
30894,4
30895,3
30896,3
30897,4
30898,2
30899,2
30900,1
30901,1
30902,3
30903,2
30904,2
30905,2
30906,2
30907,2
30908,1
30909,2
30910,3
30911,3
30912,3
30913,3
30914,4
30915,2
30916,2
30917,1
30918,3
30919,2
30920,5
30921,3
30922,2
30923,1
30924,3
30925,1
30926,2
30927,1
30928,1
30929,2
30930,2
30931,1
30932,5
30933,2
30934,5
30935,2
30936,2
30937,1
30938,2
30939,2
30940,3
30941,1
30942,4
30943,1
30944,2
30945,2
30946,1
30947,3
30948,3
30949,2
30950,3
30951,2
30952,2
30953,1
30954,3
30955,3
30956,3
30957,2
30958,2
30959,2
30960,3
30961,3
30962,2
30963,2
30964,1
30965,1
30966,4
30967,1
30968,3
30969,3
30970,2
30971,2
30972,2
30973,2
30974,1
30975,3
30976,5
30977,1
30978,1
30979,1
30980,2
30981,5
30982,3
30983,1
30984,5
30985,2
30986,2
30987,3
30988,2
30989,2
30990,3
30991,3
30992,3
30993,2
30994,1
30995,4
30996,4
30997,4
30998,2
30999,3
31000,2
31001,2
31002,3
31003,1
31004,3
31005,4
31006,5
31007,2
31008,3
31009,3
31010,5
31011,5
31012,2
31013,3
31014,2
31015,2
31016,4
31017,4
31018,2
31019,1
31020,3
31021,3
31022,2
31023,1
31024,5
31025,5
31026,4
31027,4
31028,3
31029,3
31030,3
31031,5
31032,4
31033,2
31034,2
31035,3
31036,3
31037,4
31038,3
31039,3
31040,3
31041,2
31042,4
31043,3
31044,4
31045,5
31046,4
31047,3
31048,3
31049,3
31050,3
31051,3
31052,4
31053,2
31054,2
31055,5
31056,1
31057,4
31058,3
31059,3
31060,3
31061,4
31062,3
31063,5
31064,3
31065,3
31066,3
31067,5
31068,4
31069,3
31070,3
31071,5
31072,2
31073,4
31074,2
31075,2
31076,5
31077,4
31078,5
31079,2
31080,1
31081,5
31082,4
31083,4
31084,3
31085,3
31086,3
31087,3
31088,2
31089,2
31090,4
31091,2
31092,3
31093,3
31094,3
31095,2
31096,1
31097,1
31098,4
31099,4
31100,3
31101,3
31102,3
31103,2
31104,1
31105,3
31106,3
31107,1
31108,3
31109,2
31110,3
31111,3
31112,4
31113,4
31114,3
31115,3
31116,3
31117,2
31118,3
31119,2
31120,3
31121,3
31122,3
31123,3
31124,3
31125,3
31126,3
31127,3
31128,3
31129,1
31130,2
31131,3
31132,2
31133,3
31134,3
31135,3
31136,2
31137,1
31138,2
31139,5
31140,2
31141,5
31142,4
31143,1
31144,4
31145,5
31146,4
31147,4
31148,4
31149,5
31150,5
31151,4
31152,5
31153,5
31154,4
31155,4
31156,1
31157,5
31158,3
31159,4
31160,2
31161,1
31162,2
31163,5
31164,4
31165,4
31166,2
31167,3
31168,3
31169,1
31170,5
31171,3
31172,5
31173,5
31174,4
31175,5
31176,1
31177,5
31178,3
31179,5
31180,4
31181,4
31182,3
31183,4
31184,5
31185,4
31186,4
31187,5
31188,4
31189,3
31190,4
31191,5
31192,3
31193,4
31194,3
31195,4
31196,4
31197,4
31198,4
31199,4
31200,3
31201,5
31202,4
31203,5
31204,4
31205,3
31206,5
31207,4
31208,2
31209,5
31210,5
31211,3
31212,2
31213,2
31214,3
31215,4
31216,4
31217,4
31218,5
31219,3
31220,5
31221,5
31222,4
31223,3
31224,3
31225,5
31226,5
31227,4
31228,5
31229,1
31230,3
31231,5
31232,4
31233,3
31234,4
31235,5
31236,3
31237,4
31238,4
31239,4
31240,4
31241,4
31242,5
31243,5
31244,5
31245,4
31246,5
31247,4
31248,4
31249,4
31250,4
31251,4
31252,2
31253,3
31254,5
31255,4
31256,4
31257,4
31258,4
31259,4
31260,2
31261,5
31262,4
31263,3
31264,4
31265,4
31266,4
31267,4
31268,5
31269,4
31270,4
31271,4
31272,2
31273,4
31274,5
31275,5
31276,4
31277,4
31278,1
31279,4
31280,4
31281,4
31282,5
31283,5
31284,4
31285,5
31286,4
31287,4
31288,4
31289,5
31290,4
31291,5
31292,5
31293,4
31294,5
31295,4
31296,5
31297,5
31298,4
31299,5
31300,5
31301,5
31302,5
31303,5
31304,3
31305,1
31306,1
31307,5
31308,4
31309,5
31310,5
31311,4
31312,5
31313,5
31314,3
31315,5
31316,5
31317,5
31318,5
31319,5
31320,5
31321,5
31322,5
31323,5
31324,5
31325,4
31326,4
31327,5
31328,4
31329,5
31330,5
31331,5
31332,4
31333,4
31334,5
31335,5
31336,5
31337,1
31338,5
31339,5
31340,5
31341,5
31342,5
31343,3
31344,4
31345,4
31346,5
31347,5
31348,3
31349,5
31350,5
31351,5
31352,5
31353,5
31354,5
31355,4
31356,1
31357,5
31358,4
31359,4
31360,5
31361,5
31362,5
31363,5
31364,4
31365,2
31366,5
31367,4
31368,5
31369,4
31370,3
31371,4
31372,3
31373,3
31374,5
31375,5
31376,5
31377,5
31378,4
31379,4
31380,4
31381,5
31382,5
31383,5
31384,5
31385,5
31386,5
31387,5
31388,4
31389,5
31390,4
31391,5
31392,5
31393,5
31394,4
31395,5
31396,5
31397,5
31398,4
31399,3
31400,5
31401,4
31402,3
31403,5
31404,2
31405,5
31406,5
31407,5
31408,4
31409,5
31410,2
31411,3
31412,1
31413,5
31414,5
31415,5
31416,5
31417,5
31418,5
31419,5
31420,5
31421,4
31422,5
31423,5
31424,3
31425,5
31426,5
31427,5
31428,1
31429,5
31430,5
31431,2
31432,4
31433,5
31434,5
31435,5
31436,5
31437,4
31438,5
31439,1
31440,1
31441,1
31442,1
31443,3
31444,1
31445,1
31446,1
31447,3
31448,2
31449,2
31450,1
31451,1
31452,2
31453,2
31454,1
31455,1
31456,2
31457,2
31458,1
31459,2
31460,1
31461,1
31462,1
31463,1
31464,2
31465,1
31466,1
31467,1
31468,2
31469,1
31470,3
31471,1
31472,1
31473,1
31474,1
31475,1
31476,1
31477,1
31478,1
31479,1
31480,1
31481,1
31482,1
31483,1
31484,1
31485,1
31486,2
31487,1
31488,5
31489,1
31490,2
31491,1
31492,2
31493,1
31494,1
31495,1
31496,1
31497,1
31498,2
31499,1
31500,2
31501,2
31502,1
31503,2
31504,1
31505,1
31506,3
31507,1
31508,5
31509,1
31510,1
31511,1
31512,1
31513,2
31514,1
31515,1
31516,1
31517,2
31518,1
31519,1
31520,2
31521,1
31522,1
31523,1
31524,1
31525,1
31526,1
31527,1
31528,4
31529,1
31530,1
31531,1
31532,1
31533,1
31534,2
31535,1
31536,1
31537,1
31538,1
31539,1
31540,3
31541,1
31542,2
31543,1
31544,1
31545,1
31546,1
31547,1
31548,2
31549,1
31550,1
31551,1
31552,2
31553,1
31554,1
31555,1
31556,1
31557,1
31558,1
31559,1
31560,2
31561,1
31562,1
31563,1
31564,1
31565,1
31566,2
31567,3
31568,2
31569,2
31570,2
31571,3
31572,1
31573,1
31574,1
31575,1
31576,2
31577,1
31578,2
31579,1
31580,1
31581,2
31582,2
31583,1
31584,1
31585,1
31586,1
31587,1
31588,1
31589,3
31590,2
31591,2
31592,3
31593,2
31594,2
31595,2
31596,2
31597,2
31598,3
31599,2
31600,2
31601,2
31602,2
31603,3
31604,2
31605,1
31606,2
31607,2
31608,2
31609,1
31610,3
31611,3
31612,2
31613,2
31614,3
31615,2
31616,2
31617,2
31618,2
31619,3
31620,3
31621,3
31622,2
31623,2
31624,1
31625,2
31626,2
31627,2
31628,3
31629,5
31630,2
31631,2
31632,1
31633,2
31634,1
31635,1
31636,4
31637,3
31638,2
31639,1
31640,2
31641,1
31642,2
31643,2
31644,2
31645,3
31646,2
31647,2
31648,1
31649,3
31650,3
31651,4
31652,2
31653,2
31654,2
31655,2
31656,2
31657,3
31658,3
31659,1
31660,2
31661,2
31662,2
31663,2
31664,2
31665,1
31666,1
31667,4
31668,2
31669,1
31670,2
31671,1
31672,2
31673,1
31674,1
31675,1
31676,2
31677,2
31678,3
31679,2
31680,2
31681,3
31682,1
31683,2
31684,3
31685,2
31686,2
31687,4
31688,3
31689,2
31690,2
31691,2
31692,2
31693,4
31694,4
31695,1
31696,3
31697,4
31698,3
31699,2
31700,1
31701,3
31702,2
31703,1
31704,3
31705,3
31706,1
31707,1
31708,3
31709,3
31710,3
31711,2
31712,3
31713,5
31714,1
31715,4
31716,2
31717,3
31718,2
31719,2
31720,1
31721,2
31722,2
31723,2
31724,2
31725,2
31726,2
31727,2
31728,1
31729,1
31730,2
31731,2
31732,2
31733,2
31734,1
31735,2
31736,2
31737,1
31738,3
31739,4
31740,3
31741,4
31742,3
31743,4
31744,4
31745,3
31746,1
31747,2
31748,2
31749,4
31750,1
31751,3
31752,3
31753,3
31754,3
31755,4
31756,2
31757,1
31758,2
31759,3
31760,3
31761,3
31762,4
31763,4
31764,5
31765,3
31766,3
31767,2
31768,3
31769,4
31770,2
31771,3
31772,5
31773,2
31774,3
31775,5
31776,3
31777,2
31778,4
31779,3
31780,2
31781,1
31782,3
31783,2
31784,3
31785,5
31786,3
31787,4
31788,5
31789,3
31790,1
31791,2
31792,4
31793,3
31794,2
31795,4
31796,3
31797,3
31798,2
31799,2
31800,5
31801,1
31802,2
31803,4
31804,3
31805,4
31806,4
31807,3
31808,3
31809,4
31810,3
31811,2
31812,1
31813,5
31814,5
31815,3
31816,4
31817,1
31818,3
31819,3
31820,3
31821,3
31822,4
31823,3
31824,3
31825,3
31826,3
31827,3
31828,2
31829,2
31830,3
31831,4
31832,4
31833,3
31834,2
31835,3
31836,1
31837,3
31838,4
31839,3
31840,4
31841,2
31842,2
31843,1
31844,3
31845,3
31846,3
31847,3
31848,2
31849,4
31850,1
31851,4
31852,4
31853,3
31854,4
31855,2
31856,1
31857,2
31858,3
31859,1
31860,3
31861,5
31862,4
31863,1
31864,5
31865,3
31866,2
31867,2
31868,3
31869,4
31870,2
31871,4
31872,4
31873,3
31874,2
31875,2
31876,1
31877,3
31878,2
31879,2
31880,2
31881,2
31882,2
31883,2
31884,3
31885,5
31886,2
31887,4
31888,4
31889,4
31890,5
31891,1
31892,4
31893,4
31894,4
31895,3
31896,2
31897,4
31898,5
31899,5
31900,2
31901,5
31902,3
31903,4
31904,5
31905,4
31906,4
31907,4
31908,4
31909,3
31910,4
31911,4
31912,3
31913,4
31914,4
31915,4
31916,3
31917,4
31918,4
31919,5
31920,3
31921,4
31922,4
31923,4
31924,5
31925,4
31926,4
31927,4
31928,3
31929,5
31930,5
31931,4
31932,4
31933,3
31934,3
31935,5
31936,4
31937,3
31938,5
31939,4
31940,4
31941,1
31942,4
31943,5
31944,5
31945,2
31946,4
31947,5
31948,5
31949,5
31950,2
31951,2
31952,4
31953,4
31954,5
31955,4
31956,4
31957,4
31958,4
31959,5
31960,4
31961,4
31962,3
31963,4
31964,4
31965,5
31966,5
31967,4
31968,4
31969,3
31970,4
31971,5
31972,4
31973,4
31974,4
31975,4
31976,4
31977,4
31978,1
31979,5
31980,4
31981,5
31982,3
31983,4
31984,4
31985,2
31986,5
31987,4
31988,4
31989,4
31990,4
31991,5
31992,4
31993,4
31994,4
31995,4
31996,3
31997,4
31998,4
31999,4
32000,4
32001,3
32002,4
32003,4
32004,4
32005,5
32006,4
32007,5
32008,3
32009,3
32010,4
32011,4
32012,4
32013,5
32014,4
32015,3
32016,2
32017,3
32018,3
32019,4
32020,5
32021,4
32022,4
32023,3
32024,5
32025,4
32026,4
32027,5
32028,3
32029,3
32030,5
32031,4
32032,4
32033,3
32034,3
32035,5
32036,3
32037,4
32038,4
32039,4
32040,5
32041,4
32042,4
32043,4
32044,5
32045,4
32046,2
32047,5
32048,5
32049,5
32050,5
32051,5
32052,5
32053,4
32054,5
32055,5
32056,4
32057,5
32058,5
32059,5
32060,5
32061,4
32062,5
32063,5
32064,5
32065,5
32066,4
32067,5
32068,4
32069,2
32070,4
32071,5
32072,5
32073,5
32074,5
32075,5
32076,5
32077,5
32078,5
32079,5
32080,4
32081,4
32082,5
32083,4
32084,5
32085,5
32086,4
32087,4
32088,5
32089,4
32090,4
32091,5
32092,5
32093,5
32094,5
32095,5
32096,5
32097,4
32098,5
32099,5
32100,5
32101,4
32102,4
32103,5
32104,4
32105,5
32106,4
32107,4
32108,5
32109,4
32110,5
32111,5
32112,5
32113,4
32114,5
32115,5
32116,5
32117,5
32118,5
32119,4
32120,5
32121,5
32122,4
32123,1
32124,4
32125,5
32126,5
32127,5
32128,3
32129,5
32130,5
32131,4
32132,5
32133,5
32134,1
32135,5
32136,5
32137,4
32138,5
32139,5
32140,4
32141,4
32142,5
32143,5
32144,5
32145,4
32146,5
32147,5
32148,5
32149,4
32150,5
32151,2
32152,5
32153,5
32154,4
32155,5
32156,4
32157,5
32158,5
32159,5
32160,5
32161,5
32162,5
32163,5
32164,4
32165,5
32166,4
32167,5
32168,5
32169,4
32170,5
32171,4
32172,5
32173,5
32174,4
32175,5
32176,5
32177,4
32178,2
32179,5
32180,5
32181,5
32182,5
32183,5
32184,1
32185,5
32186,5
32187,5
32188,5
32189,1
32190,2
32191,1
32192,1
32193,1
32194,1
32195,1
32196,1
32197,1
32198,1
32199,1
32200,1
32201,2
32202,2
32203,1
32204,1
32205,2
32206,3
32207,1
32208,1
32209,1
32210,1
32211,1
32212,1
32213,2
32214,1
32215,1
32216,5
32217,1
32218,1
32219,2
32220,2
32221,1
32222,1
32223,2
32224,1
32225,1
32226,1
32227,4
32228,1
32229,1
32230,2
32231,1
32232,1
32233,2
32234,1
32235,1
32236,1
32237,1
32238,3
32239,1
32240,1
32241,2
32242,1
32243,1
32244,1
32245,2
32246,1
32247,1
32248,1
32249,1
32250,1
32251,1
32252,2
32253,1
32254,3
32255,2
32256,5
32257,1
32258,1
32259,1
32260,1
32261,1
32262,2
32263,2
32264,3
32265,2
32266,1
32267,1
32268,1
32269,1
32270,1
32271,2
32272,2
32273,1
32274,1
32275,1
32276,2
32277,1
32278,3
32279,2
32280,1
32281,1
32282,1
32283,1
32284,2
32285,1
32286,2
32287,1
32288,1
32289,1
32290,1
32291,3
32292,1
32293,1
32294,3
32295,1
32296,1
32297,1
32298,1
32299,2
32300,1
32301,1
32302,1
32303,1
32304,1
32305,1
32306,2
32307,1
32308,4
32309,2
32310,1
32311,2
32312,1
32313,1
32314,2
32315,1
32316,1
32317,1
32318,2
32319,1
32320,2
32321,1
32322,2
32323,1
32324,4
32325,1
32326,2
32327,1
32328,2
32329,1
32330,1
32331,1
32332,1
32333,1
32334,1
32335,1
32336,4
32337,1
32338,2
32339,3
32340,2
32341,4
32342,5
32343,4
32344,3
32345,3
32346,1
32347,1
32348,2
32349,3
32350,5
32351,2
32352,3
32353,2
32354,3
32355,2
32356,1
32357,1
32358,2
32359,1
32360,2
32361,3
32362,2
32363,2
32364,2
32365,1
32366,4
32367,1
32368,5
32369,3
32370,2
32371,1
32372,2
32373,2
32374,3
32375,2
32376,2
32377,2
32378,3
32379,2
32380,3
32381,4
32382,4
32383,2
32384,2
32385,1
32386,2
32387,2
32388,3
32389,2
32390,2
32391,1
32392,2
32393,1
32394,3
32395,1
32396,3
32397,2
32398,3
32399,2
32400,3
32401,4
32402,2
32403,2
32404,3
32405,3
32406,2
32407,1
32408,3
32409,1
32410,3
32411,1
32412,1
32413,2
32414,1
32415,4
32416,2
32417,1
32418,3
32419,3
32420,3
32421,3
32422,4
32423,2
32424,2
32425,3
32426,3
32427,2
32428,2
32429,1
32430,3
32431,5
32432,1
32433,1
32434,2
32435,2
32436,3
32437,1
32438,2
32439,2
32440,1
32441,5
32442,2
32443,1
32444,2
32445,1
32446,4
32447,3
32448,2
32449,2
32450,3
32451,2
32452,3
32453,2
32454,1
32455,1
32456,3
32457,2
32458,1
32459,2
32460,2
32461,1
32462,1
32463,2
32464,2
32465,4
32466,2
32467,2
32468,3
32469,3
32470,1
32471,2
32472,1
32473,1
32474,4
32475,2
32476,3
32477,4
32478,1
32479,2
32480,2
32481,2
32482,2
32483,2
32484,2
32485,2
32486,2
32487,3
32488,5
32489,2
32490,2
32491,3
32492,2
32493,3
32494,2
32495,3
32496,4
32497,3
32498,4
32499,3
32500,3
32501,3
32502,2
32503,1
32504,2
32505,3
32506,3
32507,3
32508,2
32509,5
32510,3
32511,4
32512,3
32513,1
32514,3
32515,1
32516,1
32517,5
32518,4
32519,3
32520,5
32521,4
32522,3
32523,2
32524,3
32525,3
32526,3
32527,5
32528,3
32529,5
32530,2
32531,3
32532,5
32533,2
32534,2
32535,2
32536,3
32537,3
32538,4
32539,3
32540,4
32541,3
32542,4
32543,3
32544,3
32545,2
32546,2
32547,3
32548,1
32549,3
32550,4
32551,2
32552,3
32553,4
32554,3
32555,3
32556,3
32557,3
32558,3
32559,3
32560,2
32561,3
32562,5
32563,4
32564,1
32565,3
32566,3
32567,2
32568,2
32569,4
32570,3
32571,3
32572,5
32573,2
32574,4
32575,3
32576,4
32577,3
32578,1
32579,3
32580,3
32581,2
32582,3
32583,4
32584,1
32585,5
32586,1
32587,4
32588,3
32589,3
32590,4
32591,3
32592,5
32593,3
32594,2
32595,2
32596,5
32597,4
32598,1
32599,2
32600,1
32601,3
32602,3
32603,1
32604,3
32605,4
32606,5
32607,4
32608,2
32609,4
32610,1
32611,3
32612,3
32613,2
32614,4
32615,3
32616,4
32617,2
32618,3
32619,2
32620,3
32621,3
32622,5
32623,3
32624,3
32625,1
32626,4
32627,3
32628,3
32629,4
32630,5
32631,3
32632,4
32633,4
32634,2
32635,2
32636,1
32637,2
32638,3
32639,5
32640,5
32641,4
32642,5
32643,4
32644,5
32645,4
32646,5
32647,4
32648,5
32649,4
32650,5
32651,4
32652,1
32653,4
32654,3
32655,4
32656,5
32657,1
32658,4
32659,4
32660,4
32661,4
32662,5
32663,4
32664,5
32665,5
32666,3
32667,4
32668,4
32669,4
32670,3
32671,4
32672,5
32673,4
32674,3
32675,5
32676,4
32677,4
32678,4
32679,4
32680,2
32681,5
32682,4
32683,4
32684,4
32685,5
32686,4
32687,4
32688,5
32689,4
32690,5
32691,5
32692,5
32693,4
32694,4
32695,4
32696,4
32697,3
32698,2
32699,4
32700,3
32701,4
32702,2
32703,3
32704,4
32705,4
32706,5
32707,5
32708,4
32709,5
32710,3
32711,4
32712,2
32713,2
32714,4
32715,4
32716,4
32717,4
32718,5
32719,4
32720,4
32721,4
32722,3
32723,4
32724,4
32725,5
32726,4
32727,2
32728,4
32729,4
32730,4
32731,5
32732,4
32733,3
32734,4
32735,3
32736,4
32737,5
32738,3
32739,3
32740,5
32741,4
32742,4
32743,4
32744,4
32745,2
32746,4
32747,4
32748,4
32749,3
32750,4
32751,3
32752,4
32753,4
32754,4
32755,4
32756,4
32757,3
32758,1
32759,5
32760,5
32761,5
32762,2
32763,3
32764,1
32765,4
32766,4
32767,4
32768,3
32769,4
32770,4
32771,4
32772,1
32773,2
32774,5
32775,2
32776,5
32777,5
32778,4
32779,4
32780,5
32781,5
32782,4
32783,3
32784,5
32785,4
32786,4
32787,3
32788,4
32789,5
32790,5
32791,5
32792,4
32793,5
32794,5
32795,5
32796,3
32797,5
32798,5
32799,4
32800,5
32801,5
32802,4
32803,5
32804,4
32805,5
32806,5
32807,4
32808,5
32809,5
32810,4
32811,5
32812,4
32813,5
32814,3
32815,5
32816,4
32817,5
32818,4
32819,5
32820,5
32821,5
32822,5
32823,5
32824,5
32825,5
32826,5
32827,5
32828,5
32829,4
32830,2
32831,5
32832,4
32833,2
32834,4
32835,3
32836,5
32837,1
32838,5
32839,4
32840,5
32841,3
32842,5
32843,5
32844,5
32845,5
32846,5
32847,4
32848,1
32849,5
32850,5
32851,5
32852,5
32853,4
32854,5
32855,4
32856,3
32857,5
32858,5
32859,5
32860,1
32861,4
32862,5
32863,2
32864,5
32865,5
32866,4
32867,4
32868,4
32869,5
32870,4
32871,5
32872,5
32873,4
32874,5
32875,5
32876,4
32877,4
32878,5
32879,4
32880,5
32881,5
32882,5
32883,5
32884,4
32885,4
32886,4
32887,2
32888,3
32889,4
32890,5
32891,4
32892,5
32893,1
32894,5
32895,4
32896,4
32897,5
32898,5
32899,5
32900,3
32901,5
32902,3
32903,5
32904,4
32905,5
32906,5
32907,4
32908,5
32909,5
32910,5
32911,5
32912,5
32913,4
32914,3
32915,5
32916,5
32917,5
32918,5
32919,4
32920,4
32921,5
32922,5
32923,5
32924,4
32925,5
32926,5
32927,5
32928,5
32929,4
32930,5
32931,5
32932,1
32933,5
32934,4
32935,4
32936,5
32937,5
32938,5
32939,1
32940,1
32941,1
32942,1
32943,2
32944,1
32945,2
32946,1
32947,3
32948,1
32949,1
32950,2
32951,2
32952,1
32953,1
32954,1
32955,2
32956,2
32957,1
32958,3
32959,1
32960,1
32961,2
32962,1
32963,2
32964,1
32965,1
32966,1
32967,1
32968,2
32969,1
32970,1
32971,1
32972,1
32973,3
32974,3
32975,1
32976,1
32977,3
32978,1
32979,1
32980,2
32981,1
32982,5
32983,1
32984,2
32985,1
32986,1
32987,1
32988,1
32989,1
32990,1
32991,1
32992,1
32993,1
32994,1
32995,1
32996,1
32997,1
32998,1
32999,1
33000,2
33001,1
33002,1
33003,2
33004,1
33005,3
33006,1
33007,3
33008,1
33009,1
33010,2
33011,1
33012,1
33013,1
33014,1
33015,1
33016,1
33017,1
33018,1
33019,1
33020,2
33021,2
33022,5
33023,1
33024,1
33025,1
33026,1
33027,1
33028,1
33029,1
33030,3
33031,1
33032,1
33033,2
33034,1
33035,1
33036,1
33037,3
33038,1
33039,1
33040,1
33041,1
33042,1
33043,1
33044,2
33045,1
33046,2
33047,1
33048,1
33049,1
33050,2
33051,1
33052,1
33053,1
33054,2
33055,1
33056,1
33057,1
33058,3
33059,2
33060,2
33061,2
33062,1
33063,1
33064,2
33065,1
33066,1
33067,1
33068,5
33069,1
33070,1
33071,1
33072,1
33073,2
33074,1
33075,1
33076,1
33077,1
33078,1
33079,1
33080,2
33081,1
33082,2
33083,2
33084,2
33085,1
33086,1
33087,1
33088,1
33089,3
33090,2
33091,3
33092,1
33093,1
33094,2
33095,2
33096,2
33097,2
33098,2
33099,2
33100,1
33101,2
33102,1
33103,1
33104,2
33105,3
33106,3
33107,2
33108,2
33109,2
33110,2
33111,2
33112,2
33113,2
33114,2
33115,2
33116,1
33117,1
33118,1
33119,2
33120,1
33121,2
33122,2
33123,3
33124,4
33125,2
33126,5
33127,2
33128,1
33129,3
33130,2
33131,3
33132,1
33133,2
33134,1
33135,1
33136,2
33137,2
33138,3
33139,3
33140,2
33141,1
33142,2
33143,2
33144,2
33145,2
33146,2
33147,2
33148,3
33149,2
33150,1
33151,1
33152,1
33153,2
33154,3
33155,2
33156,5
33157,2
33158,2
33159,1
33160,1
33161,3
33162,3
33163,3
33164,2
33165,4
33166,2
33167,2
33168,1
33169,3
33170,2
33171,2
33172,2
33173,2
33174,2
33175,2
33176,2
33177,1
33178,2
33179,3
33180,2
33181,2
33182,3
33183,4
33184,2
33185,4
33186,2
33187,1
33188,2
33189,2
33190,2
33191,1
33192,5
33193,2
33194,3
33195,3
33196,1
33197,1
33198,3
33199,1
33200,2
33201,1
33202,3
33203,3
33204,1
33205,4
33206,4
33207,1
33208,2
33209,1
33210,1
33211,1
33212,1
33213,2
33214,4
33215,3
33216,2
33217,1
33218,1
33219,3
33220,2
33221,1
33222,2
33223,2
33224,1
33225,2
33226,1
33227,3
33228,4
33229,2
33230,1
33231,1
33232,2
33233,2
33234,2
33235,2
33236,2
33237,2
33238,1
33239,4
33240,2
33241,4
33242,3
33243,3
33244,5
33245,4
33246,3
33247,2
33248,3
33249,2
33250,5
33251,3
33252,4
33253,5
33254,3
33255,3
33256,5
33257,2
33258,3
33259,4
33260,2
33261,1
33262,1
33263,4
33264,2
33265,5
33266,2
33267,1
33268,3
33269,3
33270,3
33271,3
33272,3
33273,5
33274,2
33275,3
33276,2
33277,3
33278,3
33279,4
33280,4
33281,1
33282,3
33283,5
33284,2
33285,3
33286,4
33287,2
33288,4
33289,1
33290,3
33291,4
33292,1
33293,2
33294,2
33295,3
33296,2
33297,4
33298,1
33299,2
33300,2
33301,3
33302,5
33303,3
33304,2
33305,5
33306,4
33307,3
33308,3
33309,3
33310,3
33311,2
33312,3
33313,4
33314,3
33315,3
33316,4
33317,2
33318,3
33319,5
33320,5
33321,3
33322,2
33323,3
33324,3
33325,5
33326,4
33327,5
33328,3
33329,4
33330,2
33331,4
33332,4
33333,2
33334,4
33335,2
33336,5
33337,3
33338,3
33339,3
33340,5
33341,4
33342,2
33343,3
33344,5
33345,3
33346,2
33347,3
33348,3
33349,4
33350,4
33351,3
33352,5
33353,3
33354,4
33355,3
33356,2
33357,2
33358,3
33359,3
33360,5
33361,2
33362,2
33363,1
33364,5
33365,5
33366,4
33367,3
33368,2
33369,3
33370,3
33371,3
33372,2
33373,4
33374,2
33375,4
33376,3
33377,3
33378,3
33379,3
33380,3
33381,3
33382,2
33383,1
33384,3
33385,3
33386,3
33387,5
33388,4
33389,5
33390,5
33391,4
33392,4
33393,5
33394,2
33395,4
33396,5
33397,4
33398,5
33399,5
33400,4
33401,3
33402,5
33403,4
33404,5
33405,4
33406,5
33407,1
33408,4
33409,4
33410,5
33411,3
33412,4
33413,2
33414,4
33415,4
33416,4
33417,4
33418,3
33419,1
33420,4
33421,4
33422,2
33423,5
33424,4
33425,5
33426,4
33427,3
33428,5
33429,4
33430,4
33431,2
33432,5
33433,3
33434,5
33435,5
33436,2
33437,5
33438,5
33439,5
33440,3
33441,1
33442,2
33443,5
33444,4
33445,5
33446,4
33447,5
33448,4
33449,4
33450,5
33451,4
33452,5
33453,4
33454,4
33455,5
33456,4
33457,5
33458,2
33459,4
33460,4
33461,4
33462,2
33463,4
33464,2
33465,5
33466,5
33467,5
33468,5
33469,3
33470,2
33471,4
33472,4
33473,4
33474,4
33475,4
33476,3
33477,5
33478,3
33479,5
33480,4
33481,2
33482,4
33483,4
33484,3
33485,4
33486,4
33487,5
33488,4
33489,4
33490,4
33491,2
33492,5
33493,5
33494,2
33495,3
33496,2
33497,4
33498,5
33499,4
33500,4
33501,2
33502,4
33503,4
33504,5
33505,4
33506,5
33507,3
33508,4
33509,5
33510,5
33511,5
33512,4
33513,1
33514,4
33515,4
33516,4
33517,4
33518,5
33519,4
33520,5
33521,4
33522,4
33523,3
33524,5
33525,5
33526,5
33527,5
33528,5
33529,4
33530,5
33531,3
33532,5
33533,4
33534,5
33535,4
33536,4
33537,4
33538,4
33539,4
33540,5
33541,5
33542,4
33543,4
33544,4
33545,4
33546,5
33547,5
33548,5
33549,4
33550,1
33551,5
33552,4
33553,3
33554,5
33555,5
33556,5
33557,3
33558,4
33559,5
33560,5
33561,5
33562,4
33563,5
33564,5
33565,3
33566,4
33567,5
33568,4
33569,5
33570,4
33571,5
33572,5
33573,5
33574,5
33575,5
33576,5
33577,5
33578,1
33579,5
33580,5
33581,5
33582,5
33583,4
33584,5
33585,3
33586,5
33587,4
33588,5
33589,2
33590,5
33591,5
33592,5
33593,5
33594,5
33595,5
33596,5
33597,5
33598,5
33599,5
33600,3
33601,4
33602,5
33603,5
33604,4
33605,5
33606,5
33607,5
33608,5
33609,1
33610,5
33611,4
33612,5
33613,5
33614,4
33615,5
33616,5
33617,5
33618,4
33619,4
33620,5
33621,4
33622,5
33623,5
33624,5
33625,4
33626,5
33627,5
33628,4
33629,5
33630,5
33631,3
33632,5
33633,5
33634,4
33635,5
33636,5
33637,5
33638,4
33639,4
33640,4
33641,5
33642,5
33643,5
33644,5
33645,5
33646,5
33647,5
33648,5
33649,5
33650,5
33651,5
33652,4
33653,5
33654,4
33655,5
33656,5
33657,5
33658,5
33659,4
33660,5
33661,4
33662,5
33663,5
33664,5
33665,4
33666,5
33667,4
33668,5
33669,5
33670,5
33671,5
33672,1
33673,5
33674,4
33675,5
33676,5
33677,5
33678,5
33679,4
33680,4
33681,5
33682,1
33683,5
33684,5
33685,4
33686,4
33687,5
33688,4
